Fwd Packet Length Max,Fwd Packet Length Min,Min Packet Length,Max Packet Length,Average Packet Size,Fwd Packets/s,Fwd Header Length,Fwd Header Length.1,min_seg_size_forward,Total Length of Fwd Packets,Fwd Packet Length Std,Flow IAT Min,Subflow Fwd Bytes,Destination Port,Protocol,Packet Length Std,Flow Duration,Fwd IAT Total,ACK Flag Count,Init_Win_bytes_forward,Flow IAT Mean,Flow IAT Max,Fwd IAT Mean,Fwd IAT Max
558.0,66.0,66.0,558.0,361.2,299.1316254920979,20.0,32.0,34.0,1806.0,241.02979068986474,1.1920928955078125e-06,1806.0,57123,6,241.02979068986474,0.016715049743652344,0.016715049743652344,5,10.0,0.004178762435913086,0.012187957763671875,0.004178762435913086,0.012187957763671875
522.0,66.0,66.0,522.0,218.0,63.33854824193149,20.0,32.0,34.0,1090.0,166.5076574815705,0.0007719993591308594,1090.0,853,6,166.5076574815705,0.07894086837768555,0.07894086837768555,5,2048.0,0.019735217094421387,0.06142687797546387,0.019735217094421387,0.06142687797546387
1466.0,66.0,66.0,1466.0,706.0,262.09485721427234,20.0,33.6,34.0,3530.0,636.5104869521005,0.0,3530.0,57129,6,636.5104869521005,0.019077062606811523,0.019077062606811523,5,65535.0,0.004769265651702881,0.016618013381958008,0.004769265651702881,0.016618013381958008
583.0,66.0,66.0,583.0,184.6,46.092670983283,20.0,34.4,34.0,923.0,200.59870388414774,1.9073486328125e-06,923.0,443,6,200.59870388414774,0.10847711563110352,0.10847711563110352,4,65535.0,0.02711927890777588,0.06378006935119629,0.02711927890777588,0.06378006935119629
1514.0,66.0,66.0,1514.0,817.8,56.89645162253012,20.0,33.6,34.0,4089.0,647.8396097800751,9.5367431640625e-07,4089.0,57130,6,647.8396097800751,0.08787894248962402,0.08787894248962402,5,31856.0,0.021969735622406006,0.08605098724365234,0.021969735622406006,0.08605098724365234
582.0,66.0,66.0,582.0,175.4,38.9292900792266,20.0,32.0,34.0,877.0,203.65421674986257,6.794929504394531e-05,877.0,443,6,203.65421674986257,0.12843799591064453,0.12843799591064453,5,131072.0,0.03210949897766113,0.10417413711547852,0.03210949897766113,0.10417413711547852
583.0,66.0,66.0,583.0,190.4,20.532876166456,20.0,34.4,34.0,952.0,199.35154877753018,1.9073486328125e-06,952.0,443,6,199.35154877753018,0.24351191520690918,0.24351191520690918,4,65535.0,0.060877978801727295,0.11631608009338379,0.060877978801727295,0.11631608009338379
680.0,66.0,66.0,680.0,277.8,35.62192874432035,20.0,32.0,34.0,1389.0,254.97325349926413,0.0015408992767333984,1389.0,57129,6,254.97325349926413,0.14036297798156738,0.14036297798156738,5,268800.0,0.035090744495391846,0.10246706008911133,0.035090744495391846,0.10246706008911133
105.0,66.0,66.0,105.0,86.4,110.45839280729383,20.0,32.0,34.0,432.0,17.53396703544295,0.00021600723266601562,432.0,443,6,17.53396703544295,0.045265913009643555,0.045265913009643555,5,131072.0,0.011316478252410889,0.03041386604309082,0.011316478252410889,0.03041386604309082
1241.0,66.0,66.0,1241.0,307.2,50.130803947066475,20.0,32.0,34.0,1536.0,467.05434373314625,0.00028014183044433594,1536.0,443,6,467.05434373314625,0.09973907470703125,0.09973907470703125,5,131008.0,0.024934768676757812,0.09108686447143555,0.024934768676757812,0.09108686447143555
962.0,66.0,66.0,962.0,255.4,36.07525540702565,20.0,32.0,34.0,1277.0,353.8517203575532,0.0017549991607666016,1277.0,57130,6,353.8517203575532,0.13859915733337402,0.13859915733337402,5,32256.0,0.034649789333343506,0.0820150375366211,0.034649789333343506,0.0820150375366211
1514.0,66.0,66.0,1514.0,818.0,99.04747511004477,20.0,33.6,34.0,4090.0,647.871592215618,0.0,4090.0,57131,6,647.871592215618,0.05048084259033203,0.05048084259033203,5,31856.0,0.012620210647583008,0.05047893524169922,0.012620210647583008,0.05047893524169922
583.0,66.0,66.0,583.0,190.4,46.210689606543504,20.0,34.4,34.0,952.0,199.35154877753018,1.9073486328125e-06,952.0,443,6,199.35154877753018,0.1082000732421875,0.1082000732421875,4,65535.0,0.027050018310546875,0.05255293846130371,0.027050018310546875,0.05255293846130371
1365.0,66.0,66.0,1365.0,389.8,48.791855119399926,20.0,32.0,34.0,1949.0,499.5299390426964,0.00024080276489257812,1949.0,443,6,499.5299390426964,0.10247611999511719,0.10247611999511719,5,131008.0,0.025619029998779297,0.09883904457092285,0.025619029998779297,0.09883904457092285
1318.0,66.0,66.0,1318.0,326.6,33.03491176364029,20.0,32.0,34.0,1633.0,496.0933783069474,0.0,1633.0,57131,6,496.0933783069474,0.15135502815246582,0.15135502815246582,5,32256.0,0.037838757038116455,0.056990861892700195,0.037838757038116455,0.056990861892700195
1514.0,66.0,66.0,1514.0,818.0,110.73953014357605,20.0,33.6,34.0,4090.0,647.871592215618,0.0,4090.0,57132,6,647.871592215618,0.0451509952545166,0.0451509952545166,5,31856.0,0.01128774881362915,0.0432581901550293,0.01128774881362915,0.0432581901550293
583.0,66.0,66.0,583.0,190.4,49.179740447346084,20.0,34.4,34.0,952.0,199.35154877753018,2.1457672119140625e-06,952.0,443,6,199.35154877753018,0.10166788101196289,0.10166788101196289,4,65535.0,0.025416970252990723,0.04597282409667969,0.025416970252990723,0.04597282409667969
1367.0,66.0,66.0,1367.0,414.6,13.836422715951638,20.0,32.0,34.0,2073.0,500.97369192403704,0.00022983551025390625,2073.0,443,6,500.97369192403704,0.36136507987976074,0.36136507987976074,5,131008.0,0.09034126996994019,0.3569619655609131,0.09034126996994019,0.3569619655609131
1514.0,66.0,66.0,1514.0,468.6,12.350012985123936,20.0,32.0,34.0,2343.0,557.3270494063607,1.1920928955078125e-06,2343.0,57132,6,557.3270494063607,0.404857873916626,0.404857873916626,5,32256.0,0.1012144684791565,0.3121349811553955,0.1012144684791565,0.3121349811553955
1514.0,66.0,66.0,1514.0,817.8,103.86362510771913,20.0,33.6,34.0,4089.0,647.8396097800751,9.5367431640625e-07,4089.0,57133,6,647.8396097800751,0.04814004898071289,0.04814004898071289,5,31856.0,0.012035012245178223,0.044612884521484375,0.012035012245178223,0.044612884521484375
583.0,66.0,66.0,583.0,171.8,54.079160789390215,20.0,34.4,34.0,859.0,205.65252247419676,1.9073486328125e-06,859.0,443,6,205.65252247419676,0.09245705604553223,0.09245705604553223,4,65535.0,0.023114264011383057,0.046224117279052734,0.023114264011383057,0.046224117279052734
1370.0,66.0,66.0,1370.0,391.8,38.87444667709669,20.0,32.0,34.0,1959.0,496.4193388658424,0.00023698806762695312,1959.0,443,6,496.4193388658424,0.12861919403076172,0.12861919403076172,5,131072.0,0.03215479850769043,0.08368515968322754,0.03215479850769043,0.08368515968322754
945.0,66.0,66.0,945.0,252.0,37.820936167143074,20.0,32.0,34.0,1260.0,347.06253038897756,0.0018489360809326172,1260.0,57133,6,347.06253038897756,0.1322019100189209,0.1322019100189209,5,32256.0,0.033050477504730225,0.04516410827636719,0.033050477504730225,0.04516410827636719
1494.0,105.0,105.0,1494.0,934.4,45889.540481400436,20.0,32.0,73.0,4672.0,658.6369561450375,1.9073486328125e-06,4672.0,443,6,658.6369561450375,0.00010895729064941406,0.00010895729064941406,5,2048.0,2.7239322662353516e-05,6.008148193359375e-05,2.7239322662353516e-05,6.008148193359375e-05
1494.0,66.0,66.0,1494.0,421.4,192.6998070385004,20.0,32.0,34.0,2107.0,548.6819114933533,9.5367431640625e-07,2107.0,52716,6,548.6819114933533,0.025947093963623047,0.025947093963623047,5,234.0,0.006486773490905762,0.025584936141967773,0.006486773490905762,0.025584936141967773
1427.0,66.0,66.0,1427.0,362.4,1.5389270045970003,20.0,32.0,34.0,1812.0,533.2311318743496,0.0007419586181640625,1812.0,443,6,533.2311318743496,3.2490170001983643,3.2490170001983643,5,2047.0,0.8122542500495911,3.222337007522583,0.8122542500495911,3.222337007522583
97.0,66.0,66.0,97.0,74.6,1.5413598379991673,20.0,34.4,34.0,373.0,12.126005112979296,9.5367431640625e-07,373.0,52716,6,12.126005112979296,3.2438888549804688,3.2438888549804688,5,251.0,0.8109722137451172,3.22945499420166,0.8109722137451172,3.22945499420166
1494.0,66.0,66.0,1494.0,413.8,196.65716429107277,20.0,32.0,34.0,2069.0,553.3680149773747,0.0,2069.0,52716,6,553.3680149773747,0.025424957275390625,0.025424957275390625,5,262.0,0.006356239318847656,0.025423049926757812,0.006356239318847656,0.025423049926757812
1494.0,66.0,66.0,1494.0,1047.2,103.89604213008606,20.0,32.0,34.0,5236.0,581.4926998681926,1.1920928955078125e-06,5236.0,443,6,581.4926998681926,0.04812502861022949,0.04812502861022949,5,2048.0,0.012031257152557373,0.04812002182006836,0.012031257152557373,0.04812002182006836
90.0,66.0,66.0,90.0,70.8,0.49641420582880597,20.0,32.0,34.0,354.0,9.6,0.00042891502380371094,354.0,853,6,9.6,10.07223391532898,10.07223391532898,5,2040.0,2.518058478832245,10.045737981796265,2.518058478832245,10.045737981796265
558.0,66.0,66.0,558.0,267.6,0.49568112688493493,20.0,32.0,34.0,1338.0,237.2725015672908,1.1920928955078125e-06,1338.0,57123,6,237.2725015672908,10.087130069732666,10.087130069732666,5,10.0,2.5217825174331665,10.045542001724243,2.5217825174331665,10.045542001724243
1514.0,66.0,66.0,1514.0,643.0,0.42903285899827004,20.0,32.0,34.0,3215.0,680.6820109272758,9.5367431640625e-07,3215.0,52713,6,680.6820109272758,11.65411901473999,11.65411901473999,5,501.0,2.9135297536849976,11.654116153717041,2.9135297536849976,11.654116153717041
251.0,66.0,66.0,251.0,143.8,0.4277994753604342,20.0,32.0,34.0,719.0,80.8786745687638,0.0001327991485595703,719.0,443,6,80.8786745687638,11.687718868255615,11.687718868255615,5,2048.0,2.921929717063904,11.628034114837646,2.921929717063904,11.628034114837646
1514.0,66.0,66.0,1514.0,599.0,147.5184648499599,20.0,32.0,34.0,2995.0,636.8704734873489,0.0,2995.0,52713,6,636.8704734873489,0.03389406204223633,0.03389406204223633,5,501.0,0.008473515510559082,0.019902944564819336,0.008473515510559082,0.019902944564819336
1514.0,66.0,66.0,1514.0,449.0,147.54441137775527,20.0,32.0,34.0,2245.0,556.9754034066495,1.71661376953125e-05,2245.0,443,6,556.9754034066495,0.03388810157775879,0.03388810157775879,5,2048.0,0.008472025394439697,0.03329110145568848,0.008472025394439697,0.03329110145568848
1514.0,66.0,66.0,1514.0,453.2,61.59072887359103,20.0,36.8,34.0,2266.0,559.0471894214298,5.793571472167969e-05,2266.0,443,6,559.0471894214298,0.08118104934692383,0.08118104934692383,4,65535.0,0.020295262336730957,0.04072999954223633,0.020295262336730957,0.04072999954223633
1514.0,66.0,66.0,1514.0,637.4,114.25445788908804,20.0,33.6,34.0,3187.0,696.7179056117333,0.0,3187.0,52727,6,696.7179056117333,0.0437619686126709,0.0437619686126709,5,26847.0,0.010940492153167725,0.039880990982055664,0.010940492153167725,0.039880990982055664
432.0,66.0,66.0,432.0,184.2,2852.4918389553864,20.0,32.0,34.0,921.0,133.9976119190189,6.079673767089844e-05,921.0,443,6,133.9976119190189,0.0017528533935546875,0.0017528533935546875,5,127424.0,0.0004382133483886719,0.0014071464538574219,0.0004382133483886719,0.0014071464538574219
1514.0,66.0,66.0,1514.0,412.0,111.79384938509843,20.0,32.0,34.0,2060.0,556.0258986773907,0.0,2060.0,52727,6,556.0258986773907,0.04472517967224121,0.04472517967224121,5,32768.0,0.011181294918060303,0.0447239875793457,0.011181294918060303,0.0447239875793457
238.0,66.0,66.0,238.0,141.2,0.3335620647207289,20.0,32.0,34.0,706.0,77.53038114184658,4.7206878662109375e-05,706.0,443,6,77.53038114184658,14.9897141456604,14.9897141456604,5,2048.0,3.7474285364151,14.932232856750488,3.7474285364151,14.932232856750488
1227.0,66.0,66.0,1227.0,456.2,0.3338185262889539,20.0,32.0,34.0,2281.0,480.0339154684802,9.5367431640625e-07,2281.0,52713,6,480.0339154684802,14.978198051452637,14.978198051452637,5,501.0,3.744549512863159,14.956011056900024,3.744549512863159,14.956011056900024
1514.0,66.0,66.0,1514.0,449.0,138.59236838974874,20.0,32.0,34.0,2245.0,556.9754034066495,3.814697265625e-05,2245.0,443,6,556.9754034066495,0.036077022552490234,0.036077022552490234,5,2048.0,0.009019255638122559,0.02644801139831543,0.009019255638122559,0.02644801139831543
108.0,66.0,66.0,108.0,91.2,0.24906744245611107,20.0,32.0,34.0,456.0,20.575713839378697,0.000164031982421875,456.0,443,6,20.575713839378697,20.074883937835693,20.074883937835693,5,6911.0,5.018720984458923,20.071202993392944,5.018720984458923,20.071202993392944
1514.0,66.0,66.0,1514.0,479.4,96.57530209254347,20.0,34.4,34.0,2397.0,567.5912613844579,4.00543212890625e-05,2397.0,443,6,567.5912613844579,0.0517730712890625,0.0517730712890625,4,65535.0,0.012943267822265625,0.02639293670654297,0.012943267822265625,0.02639293670654297
1514.0,117.0,117.0,1514.0,964.8,6031.498418176589,20.0,32.0,85.0,4824.0,672.8011296066618,1.9073486328125e-06,4824.0,443,6,672.8011296066618,0.0008289813995361328,0.0008289813995361328,5,131584.0,0.0002072453498840332,0.00044798851013183594,0.0002072453498840332,0.00044798851013183594
216.0,66.0,66.0,216.0,111.4,91.76863901700463,20.0,33.6,34.0,557.0,58.34243738480592,1.9073486328125e-06,557.0,52728,6,58.34243738480592,0.05448484420776367,0.05448484420776367,5,65535.0,0.013621211051940918,0.027430057525634766,0.013621211051940918,0.027430057525634766
1494.0,66.0,66.0,1494.0,436.0,58.847767342277244,20.0,34.4,34.0,2180.0,551.89274320288,4.00543212890625e-05,2180.0,443,6,551.89274320288,0.08496499061584473,0.08496499061584473,4,65535.0,0.02124124765396118,0.04279899597167969,0.02124124765396118,0.04279899597167969
995.0,66.0,66.0,995.0,267.0,68.26222251155524,20.0,32.0,34.0,1335.0,364.3964873595792,0.0002970695495605469,1335.0,443,6,364.3964873595792,0.07324695587158203,0.07324695587158203,5,131584.0,0.018311738967895508,0.047204017639160156,0.018311738967895508,0.047204017639160156
1514.0,66.0,66.0,1514.0,666.6,49.635676399792665,20.0,33.6,34.0,3333.0,692.7728632098691,1.1920928955078125e-06,3333.0,52729,6,692.7728632098691,0.10073399543762207,0.10073399543762207,5,65535.0,0.025183498859405518,0.056929826736450195,0.025183498859405518,0.056929826736450195
750.0,66.0,66.0,750.0,236.0,80.22708318987613,20.0,32.0,34.0,1180.0,259.729089629945,0.00014495849609375,1180.0,443,6,259.729089629945,0.06232309341430664,0.06232309341430664,5,131264.0,0.01558077335357666,0.0550379753112793,0.01558077335357666,0.0550379753112793
1494.0,735.0,735.0,1494.0,1210.6,40960.0,20.0,32.0,703.0,6053.0,348.5590911165566,1.9073486328125e-06,6053.0,443,6,348.5590911165566,0.0001220703125,0.0001220703125,5,131072.0,3.0517578125e-05,9.512901306152344e-05,3.0517578125e-05,9.512901306152344e-05
1514.0,66.0,66.0,1514.0,655.2,47.63309953846713,20.0,34.4,34.0,3276.0,701.3148793516361,1.9073486328125e-06,3276.0,52728,6,701.3148793516361,0.10496902465820312,0.10496902465820312,5,4194816.0,0.02624225616455078,0.07005500793457031,0.02624225616455078,0.07005500793457031
1514.0,66.0,66.0,1514.0,768.8,104.77378097521982,20.0,32.0,34.0,3844.0,648.9518934404922,9.5367431640625e-07,3844.0,52729,6,648.9518934404922,0.04772186279296875,0.04772186279296875,5,4194048.0,0.011930465698242188,0.04771780967712402,0.011930465698242188,0.04771780967712402
336.0,66.0,66.0,336.0,159.2,76.44075086568252,20.0,32.0,34.0,796.0,94.74470961483813,0.008776187896728516,796.0,52729,6,94.74470961483813,0.06541013717651367,0.06541013717651367,5,4194816.0,0.016352534294128418,0.028800010681152344,0.016352534294128418,0.028800010681152344
97.0,66.0,66.0,97.0,72.2,88.25802976230557,20.0,32.0,34.0,361.0,12.4,0.00010609626770019531,361.0,443,6,12.4,0.056652069091796875,0.056652069091796875,5,130944.0,0.014163017272949219,0.028699874877929688,0.014163017272949219,0.028699874877929688
66.0,54.0,54.0,66.0,58.8,0.3317842541701483,20.0,24.8,34.0,294.0,5.878775382679627,6.29425048828125e-05,294.0,443,6,5.878775382679627,15.07003402709961,15.07003402709961,3,2048.0,3.7675085067749023,15.03080701828003,3.7675085067749023,15.03080701828003
1514.0,66.0,66.0,1514.0,515.6,0.332227940958645,20.0,32.0,34.0,2578.0,574.9972521673473,9.5367431640625e-07,2578.0,52713,6,574.9972521673473,15.04990816116333,15.04990816116333,5,501.0,3.7624770402908325,14.959782123565674,3.7624770402908325,14.959782123565674
238.0,66.0,66.0,238.0,141.2,0.33330877802870806,20.0,32.0,34.0,706.0,77.53038114184658,8.416175842285156e-05,706.0,443,6,77.53038114184658,15.001105070114136,15.001105070114136,5,2048.0,3.750276267528534,14.93846082687378,3.750276267528534,14.93846082687378
1514.0,66.0,66.0,1514.0,449.0,139.48095827181186,20.0,32.0,34.0,2245.0,556.9754034066495,5.316734313964844e-05,2245.0,443,6,556.9754034066495,0.03584718704223633,0.03584718704223633,5,2048.0,0.008961796760559082,0.033035993576049805,0.008961796760559082,0.033035993576049805
1514.0,66.0,66.0,1514.0,739.8,45.267386316296154,20.0,32.0,34.0,3699.0,589.690562922623,1.1920928955078125e-06,3699.0,52713,6,589.690562922623,0.11045479774475098,0.11045479774475098,5,501.0,0.027613699436187744,0.0764467716217041,0.027613699436187744,0.0764467716217041
114.0,66.0,66.0,114.0,94.8,0.12504677659662025,20.0,32.0,34.0,474.0,23.51510153071851,0.024245023727416992,474.0,52547,6,23.51510153071851,39.985037088394165,39.985037088394165,5,16381.0,9.996259272098541,20.04787802696228,9.996259272098541,20.04787802696228
238.0,66.0,66.0,238.0,141.2,0.33311877824255715,20.0,32.0,34.0,706.0,77.53038114184658,0.00010395050048828125,706.0,443,6,77.53038114184658,15.009661197662354,15.009661197662354,5,2048.0,3.7524152994155884,14.945606231689453,3.7524152994155884,14.945606231689453
1514.0,66.0,66.0,1514.0,615.2,76.98485009783012,20.0,32.0,34.0,3076.0,659.5760456535698,9.5367431640625e-07,3076.0,52713,6,659.5760456535698,0.06494784355163574,0.06494784355163574,5,501.0,0.016236960887908936,0.025369882583618164,0.016236960887908936,0.025369882583618164
1514.0,66.0,66.0,1514.0,449.0,103.68492351504484,20.0,32.0,34.0,2245.0,556.9754034066495,3.886222839355469e-05,2245.0,443,6,556.9754034066495,0.048223018646240234,0.048223018646240234,5,2028.0,0.012055754661560059,0.03967905044555664,0.012055754661560059,0.03967905044555664
1292.0,54.0,54.0,1292.0,316.4,0.11081856964785763,20.0,29.6,34.0,1582.0,488.0908112226658,0.0002110004425048828,1582.0,443,6,488.0908112226658,45.11879205703735,45.11879205703735,5,131072.0,11.279698014259338,45.04218006134033,11.279698014259338,45.04218006134033
1514.0,66.0,66.0,1514.0,646.8,58.897017729610106,20.0,33.6,34.0,3234.0,708.071860759909,0.0,3234.0,52730,6,708.071860759909,0.08489394187927246,0.08489394187927246,5,26847.0,0.021223485469818115,0.08489203453063965,0.021223485469818115,0.08489203453063965
1514.0,66.0,66.0,1514.0,451.4,35.239559545834155,20.0,34.4,34.0,2257.0,560.7621955873987,3.1948089599609375e-05,2257.0,443,6,560.7621955873987,0.14188599586486816,0.14188599586486816,4,65535.0,0.03547149896621704,0.0840921401977539,0.03547149896621704,0.0840921401977539
1514.0,130.0,130.0,1514.0,630.0,14533.277893277893,20.0,32.0,98.0,3150.0,504.10197381085504,8.106231689453125e-06,3150.0,443,6,504.10197381085504,0.0003440380096435547,0.0003440380096435547,5,131072.0,8.600950241088867e-05,0.00017905235290527344,8.600950241088867e-05,0.00017905235290527344
346.0,66.0,66.0,346.0,176.4,83.12531709791983,20.0,32.0,34.0,882.0,104.21631350225357,9.5367431640625e-07,882.0,52730,6,104.21631350225357,0.060150146484375,0.060150146484375,5,47872.0,0.01503753662109375,0.06014609336853027,0.01503753662109375,0.06014609336853027
128.0,66.0,66.0,128.0,84.6,16.685910696667833,20.0,32.0,34.0,423.0,24.8,6.818771362304688e-05,423.0,443,6,24.8,0.2996540069580078,0.2996540069580078,5,130816.0,0.07491350173950195,0.29720592498779297,0.07491350173950195,0.29720592498779297
1107.0,66.0,66.0,1107.0,280.4,14.088007050882435,20.0,32.0,34.0,1402.0,413.47435228802277,1.9073486328125e-06,1402.0,52730,6,413.47435228802277,0.35491180419921875,0.35491180419921875,5,68608.0,0.08872795104980469,0.25429296493530273,0.08872795104980469,0.25429296493530273
330.0,66.0,66.0,330.0,177.4,8.06699001527501,20.0,32.0,34.0,887.0,124.2989943643954,9.5367431640625e-07,887.0,52730,6,124.2989943643954,0.6198098659515381,0.6198098659515381,5,86528.0,0.15495246648788452,0.6185040473937988,0.15495246648788452,0.6185040473937988
1504.0,66.0,66.0,1504.0,652.8,7.40323975050384,20.0,32.0,34.0,3264.0,695.3244997840936,5.1975250244140625e-05,3264.0,443,6,695.3244997840936,0.6753799915313721,0.6753799915313721,5,131072.0,0.16884499788284302,0.5560531616210938,0.16884499788284302,0.5560531616210938
108.0,66.0,66.0,108.0,91.2,0.12520434306624753,20.0,32.0,34.0,456.0,20.575713839378697,0.00018906593322753906,456.0,443,6,20.575713839378697,39.93471693992615,39.93471693992615,5,6912.0,9.983679234981537,20.022691011428833,9.983679234981537,20.022691011428833
1438.0,66.0,66.0,1438.0,493.8,142.47827652505927,20.0,34.4,34.0,2469.0,554.524805576811,8.893013000488281e-05,2469.0,443,6,554.524805576811,0.035093069076538086,0.035093069076538086,4,65535.0,0.008773267269134521,0.018197059631347656,0.008773267269134521,0.018197059631347656
336.0,66.0,66.0,336.0,121.6,138.91643758487066,20.0,33.6,34.0,608.0,107.24476677209009,9.5367431640625e-07,608.0,52731,6,107.24476677209009,0.03599286079406738,0.03599286079406738,5,65160.0,0.008998215198516846,0.01797199249267578,0.008998215198516846,0.01797199249267578
330.0,66.0,66.0,330.0,139.0,0.4797328696937973,20.0,32.0,34.0,695.0,96.43028569904789,0.0,695.0,52730,6,96.43028569904789,10.42246699333191,10.42246699333191,5,104448.0,2.6056167483329773,10.014423847198486,2.6056167483329773,10.014423847198486
1506.0,66.0,66.0,1506.0,366.4,0.49619784314148596,20.0,32.0,34.0,1832.0,570.3057425627063,6.890296936035156e-05,1832.0,443,6,570.3057425627063,10.07662582397461,10.07662582397461,5,131072.0,2.5191564559936523,10.014492988586426,2.5191564559936523,10.014492988586426
842.0,66.0,66.0,842.0,242.8,0.33300621059999924,20.0,32.0,34.0,1214.0,299.97693244647996,9.5367431640625e-07,1214.0,52713,6,299.97693244647996,15.014734983444214,15.014734983444214,5,501.0,3.7536837458610535,14.941861867904663,3.7536837458610535,14.941861867904663
238.0,66.0,66.0,238.0,141.2,0.33383357515543866,20.0,32.0,34.0,706.0,77.53038114184658,6.389617919921875e-05,706.0,443,6,77.53038114184658,14.977522850036621,14.977522850036621,5,2048.0,3.7443807125091553,14.922847986221313,3.7443807125091553,14.922847986221313
1514.0,66.0,66.0,1514.0,449.0,110.92872935774963,20.0,32.0,34.0,2245.0,556.9754034066495,2.6941299438476562e-05,2245.0,443,6,556.9754034066495,0.0450739860534668,0.0450739860534668,5,2029.0,0.0112684965133667,0.04186201095581055,0.0112684965133667,0.04186201095581055
1514.0,66.0,66.0,1514.0,739.8,41.13095051306995,20.0,32.0,34.0,3699.0,589.690562922623,9.5367431640625e-07,3699.0,52713,6,589.690562922623,0.12156295776367188,0.12156295776367188,5,501.0,0.03039073944091797,0.07648611068725586,0.03039073944091797,0.07648611068725586
438.0,66.0,66.0,438.0,155.8,0.08323487893997202,20.0,32.0,34.0,779.0,142.2257360677033,1.1920928955078125e-06,779.0,52727,6,142.2257360677033,60.07097101211548,60.07097101211548,5,38656.0,15.01774275302887,45.04879307746887,15.01774275302887,45.04879307746887
66.0,54.0,54.0,66.0,63.6,88.95698391085435,20.0,29.6,34.0,318.0,4.8,8.487701416015625e-05,318.0,443,6,4.8,0.05620694160461426,0.05620694160461426,4,130944.0,0.014051735401153564,0.037271976470947266,0.014051735401153564,0.037271976470947266
1514.0,54.0,54.0,1514.0,642.8,0.10701283802271326,20.0,29.6,34.0,3214.0,711.3453169874671,2.1457672119140625e-06,3214.0,443,6,711.3453169874671,46.723366022109985,46.723366022109985,5,126912.0,11.680841505527496,45.012402057647705,11.680841505527496,45.012402057647705
1494.0,54.0,54.0,1494.0,695.8,3.3103133015227444,20.0,29.6,34.0,3479.0,658.4145806404958,0.0,3479.0,443,6,658.4145806404958,1.5104310512542725,1.5104310512542725,5,131072.0,0.3776077628135681,1.5103840827941895,0.3776077628135681,1.5103840827941895
1514.0,66.0,66.0,1514.0,404.0,0.10694396827287601,20.0,32.0,34.0,2020.0,560.0971344329481,9.5367431640625e-07,2020.0,52728,6,560.0971344329481,46.75345492362976,46.75345492362976,5,4194816.0,11.68836373090744,45.04181098937988,11.68836373090744,45.04181098937988
105.0,66.0,66.0,105.0,73.8,0.10718459415266648,20.0,32.0,34.0,369.0,15.6,9.5367431640625e-07,369.0,52729,6,15.6,46.64849495887756,46.64849495887756,5,4194048.0,11.66212373971939,45.13777208328247,11.66212373971939,45.13777208328247
108.0,66.0,66.0,108.0,99.6,0.38960539048449355,20.0,32.0,34.0,498.0,16.8,0.00011301040649414062,498.0,443,6,16.8,12.833498001098633,12.833498001098633,5,6912.0,3.208374500274658,12.831598997116089,3.208374500274658,12.831598997116089
1514.0,66.0,66.0,1514.0,546.6,43.6391179585781,20.0,32.0,34.0,2733.0,595.0158317221484,2.6941299438476562e-05,2733.0,443,6,595.0158317221484,0.11457610130310059,0.11457610130310059,5,131072.0,0.028644025325775146,0.08447098731994629,0.028644025325775146,0.08447098731994629
241.0,66.0,66.0,241.0,110.6,0.1521708983025257,20.0,32.0,34.0,553.0,67.79852505770313,0.023873090744018555,553.0,52547,6,67.79852505770313,32.8577938079834,32.8577938079834,5,16380.0,8.21444845199585,20.000141859054565,8.21444845199585,20.000141859054565
418.0,66.0,66.0,418.0,153.2,31.880865114341702,20.0,32.0,34.0,766.0,133.74961682188103,0.0,766.0,52728,6,133.74961682188103,0.15683388710021973,0.15683388710021973,5,4194816.0,0.03920847177505493,0.0845179557800293,0.03920847177505493,0.0845179557800293
238.0,66.0,66.0,238.0,141.2,0.33349676724000843,20.0,32.0,34.0,706.0,77.53038114184658,4.100799560546875e-05,706.0,443,6,77.53038114184658,14.99264907836914,14.99264907836914,5,2048.0,3.748162269592285,14.921682119369507,3.748162269592285,14.921682119369507
1514.0,66.0,66.0,1514.0,595.8,111.52512989050376,20.0,32.0,34.0,2979.0,639.5355814964481,0.0,2979.0,52713,6,639.5355814964481,0.04483294486999512,0.04483294486999512,5,501.0,0.01120823621749878,0.021004915237426758,0.01120823621749878,0.021004915237426758
1514.0,66.0,66.0,1514.0,449.0,130.63762988064684,20.0,32.0,34.0,2245.0,556.9754034066495,3.0040740966796875e-05,2245.0,443,6,556.9754034066495,0.03827381134033203,0.03827381134033203,5,2048.0,0.009568452835083008,0.028271913528442383,0.009568452835083008,0.028271913528442383
1514.0,76.0,76.0,1514.0,751.6,8.722469232336929,20.0,32.0,44.0,3758.0,588.831249170762,9.5367431640625e-07,3758.0,52713,6,588.831249170762,0.5732321739196777,0.5732321739196777,5,501.0,0.14330804347991943,0.46963000297546387,0.14330804347991943,0.46963000297546387
1514.0,66.0,66.0,1514.0,428.2,9.614203600961993,20.0,32.0,34.0,2141.0,548.9671757036116,0.00967097282409668,2141.0,443,6,548.9671757036116,0.5200638771057129,0.5200638771057129,5,2048.0,0.13001596927642822,0.4168539047241211,0.13001596927642822,0.4168539047241211
1514.0,66.0,66.0,1514.0,881.0,34.59436632729144,20.0,32.0,34.0,4405.0,659.9799996969605,9.5367431640625e-07,4405.0,52713,6,659.9799996969605,0.1445322036743164,0.1445322036743164,5,501.0,0.0361330509185791,0.11741209030151367,0.0361330509185791,0.11741209030151367
505.0,66.0,66.0,505.0,224.2,2.1909999784781458,20.0,32.0,34.0,1121.0,161.05825033198394,0.03736710548400879,1121.0,443,6,161.05825033198394,2.2820630073547363,2.2820630073547363,5,2048.0,0.5705157518386841,2.1231160163879395,0.5705157518386841,2.1231160163879395
129.0,66.0,66.0,129.0,94.2,19.462748289824514,20.0,32.0,34.0,471.0,25.150745515789385,2.1457672119140625e-06,471.0,52675,6,25.150745515789385,0.2569010257720947,0.2569010257720947,5,1050.0,0.06422525644302368,0.12080192565917969,0.06422525644302368,0.12080192565917969
120.0,66.0,66.0,120.0,92.0,17.38423164695574,20.0,32.0,34.0,460.0,22.09977375449803,0.0023000240325927734,460.0,993,6,22.09977375449803,0.2876169681549072,0.2876169681549072,5,2048.0,0.0719042420387268,0.13797307014465332,0.0719042420387268,0.13797307014465332
113.0,66.0,66.0,113.0,92.6,19.599697941666854,20.0,32.0,34.0,463.0,21.914378841299612,0.0,463.0,52675,6,21.914378841299612,0.25510597229003906,0.25510597229003906,5,1050.0,0.06377649307250977,0.11976408958435059,0.06377649307250977,0.11976408958435059
108.0,66.0,66.0,108.0,81.4,18.15139258780976,20.0,32.0,34.0,407.0,18.99052395275075,0.0033659934997558594,407.0,993,6,18.99052395275075,0.27546095848083496,0.27546095848083496,5,2047.0,0.06886523962020874,0.13191604614257812,0.06886523962020874,0.13191604614257812
141.0,66.0,66.0,141.0,103.0,19.944308343097127,20.0,32.0,34.0,515.0,31.489680849446536,1.1920928955078125e-06,515.0,52675,6,31.489680849446536,0.2506980895996094,0.2506980895996094,5,1050.0,0.06267452239990234,0.11755490303039551,0.06267452239990234,0.11755490303039551
1514.0,66.0,66.0,1514.0,482.8,0.41156392355937704,20.0,32.0,34.0,2414.0,536.8133381353337,4.00543212890625e-05,2414.0,443,6,536.8133381353337,12.148781061172485,12.148781061172485,5,2003.0,3.0371952652931213,12.1161949634552,3.0371952652931213,12.1161949634552
1514.0,66.0,66.0,1514.0,647.6,0.4093243775929318,20.0,32.0,34.0,3238.0,686.0952120515053,0.0,3238.0,52713,6,686.0952120515053,12.215250968933105,12.215250968933105,5,501.0,3.0538127422332764,12.17699408531189,3.0538127422332764,12.17699408531189
238.0,66.0,66.0,238.0,107.4,107.46414278320668,20.0,32.0,34.0,537.0,66.6921284710572,0.0013489723205566406,537.0,443,6,66.6921284710572,0.04652714729309082,0.04652714729309082,5,2047.0,0.011631786823272705,0.01938796043395996,0.011631786823272705,0.01938796043395996
1514.0,66.0,66.0,1514.0,742.2,68.9741456146871,20.0,32.0,34.0,3711.0,586.998262348365,0.0,3711.0,52713,6,586.998262348365,0.07249093055725098,0.07249093055725098,5,501.0,0.018122732639312744,0.05169200897216797,0.018122732639312744,0.05169200897216797
105.0,66.0,66.0,105.0,80.0,0.05235297025640909,20.0,32.0,34.0,400.0,17.332051234634633,0.0,400.0,52716,6,17.332051234634633,95.50556492805481,95.50556492805481,5,274.0,23.876391232013702,45.02108097076416,23.876391232013702,45.02108097076416
155.0,54.0,54.0,155.0,86.8,0.09900127884614172,20.0,27.2,34.0,434.0,38.90192797278819,5.316734313964844e-05,434.0,443,6,38.90192797278819,50.50439810752869,50.50439810752869,5,2048.0,12.626099526882172,45.021867990493774,12.626099526882172,45.021867990493774
105.0,66.0,66.0,105.0,73.8,0.0837864629227726,20.0,32.0,34.0,369.0,15.6,0.0,369.0,52714,6,15.6,59.67551112174988,59.67551112174988,5,151.0,14.91887778043747,45.10675811767578,14.91887778043747,45.10675811767578
66.0,54.0,54.0,66.0,61.2,0.08375855893415969,20.0,27.2,34.0,306.0,5.878775382679627,3.1948089599609375e-05,306.0,443,6,5.878775382679627,59.69539189338684,59.69539189338684,5,2048.0,14.92384797334671,45.10760498046875,14.92384797334671,45.10760498046875
108.0,66.0,66.0,108.0,91.2,0.2503971288826219,20.0,32.0,34.0,456.0,20.575713839378697,0.00010776519775390625,456.0,443,6,20.575713839378697,19.96828007698059,19.96828007698059,5,6912.0,4.992070019245148,19.9652202129364,4.992070019245148,19.9652202129364
612.0,54.0,54.0,612.0,188.8,0.11105895078578866,20.0,29.6,34.0,944.0,214.13117475043188,0.0003299713134765625,944.0,443,6,214.13117475043188,45.02113485336304,45.02113485336304,5,131392.0,11.25528371334076,45.002301931381226,11.25528371334076,45.002301931381226
1514.0,66.0,66.0,1514.0,448.8,0.3324684970090388,20.0,32.0,34.0,2244.0,556.3946081694179,4.00543212890625e-05,2244.0,443,6,556.3946081694179,15.039018869400024,15.039018869400024,5,2036.0,3.759754717350006,15.01624083518982,3.759754717350006,15.01624083518982
1514.0,66.0,66.0,1514.0,596.0,64.79550882570128,20.0,32.0,34.0,2980.0,639.7333819647057,0.002516031265258789,2980.0,52713,6,639.7333819647057,0.07716584205627441,0.07716584205627441,5,501.0,0.019291460514068604,0.03721809387207031,0.019291460514068604,0.03721809387207031
238.0,66.0,66.0,238.0,141.4,85.74853825080754,20.0,32.0,34.0,707.0,79.09892540357296,3.0994415283203125e-05,707.0,443,6,79.09892540357296,0.05831003189086914,0.05831003189086914,5,2029.0,0.014577507972717285,0.032984018325805664,0.014577507972717285,0.032984018325805664
1494.0,54.0,54.0,1494.0,383.6,0.11088320163739512,20.0,29.6,34.0,1918.0,559.3859490548542,8.106231689453125e-06,1918.0,443,6,559.3859490548542,45.09249305725098,45.09249305725098,5,131072.0,11.273123264312744,45.000651121139526,11.273123264312744,45.000651121139526
114.0,66.0,66.0,114.0,94.8,0.12536908641177172,20.0,32.0,34.0,474.0,23.51510153071851,0.02353811264038086,474.0,52547,6,23.51510153071851,39.88224005699158,39.88224005699158,5,16386.0,9.970560014247894,19.94328784942627,9.970560014247894,19.94328784942627
1514.0,66.0,66.0,1514.0,448.8,0.333642307945694,20.0,32.0,34.0,2244.0,556.3946081694179,2.2172927856445312e-05,2244.0,443,6,556.3946081694179,14.986109018325806,14.986109018325806,5,2036.0,3.7465272545814514,14.962213039398193,3.7465272545814514,14.962213039398193
1229.0,66.0,66.0,1229.0,458.8,0.33283107046299143,20.0,32.0,34.0,2294.0,479.2149413363486,0.003362894058227539,2294.0,52713,6,479.2149413363486,15.02263593673706,15.02263593673706,5,501.0,3.755658984184265,14.982734203338623,3.755658984184265,14.982734203338623
238.0,66.0,66.0,238.0,141.4,58.025505023255555,20.0,32.0,34.0,707.0,79.09892540357296,0.001146078109741211,707.0,443,6,79.09892540357296,0.08616900444030762,0.08616900444030762,5,2029.0,0.021542251110076904,0.03388190269470215,0.021542251110076904,0.03388190269470215
1514.0,66.0,66.0,1514.0,517.0,77.06434424723477,20.0,32.0,34.0,2585.0,573.6333323648479,0.0,2585.0,52713,6,573.6333323648479,0.0648808479309082,0.0648808479309082,5,501.0,0.01622021198272705,0.03827500343322754,0.01622021198272705,0.03827500343322754
1514.0,66.0,66.0,1514.0,897.2,280.1132660148528,20.0,33.6,34.0,4486.0,679.1919905299238,0.0,4486.0,57134,6,679.1919905299238,0.01784992218017578,0.01784992218017578,5,65535.0,0.004462480545043945,0.016123056411743164,0.004462480545043945,0.016123056411743164
583.0,66.0,66.0,583.0,171.8,88.98869157490506,20.0,34.4,34.0,859.0,205.65252247419676,1.9073486328125e-06,859.0,853,6,205.65252247419676,0.05618691444396973,0.05618691444396973,4,65535.0,0.014046728610992432,0.0398411750793457,0.014046728610992432,0.0398411750793457
230.0,66.0,66.0,230.0,142.0,9.34369842848334,20.0,34.4,34.0,710.0,71.01549126775087,0.0037169456481933594,710.0,853,6,71.01549126775087,0.5351200103759766,0.5351200103759766,5,131072.0,0.13378000259399414,0.498690128326416,0.13378000259399414,0.498690128326416
1514.0,66.0,66.0,1514.0,785.0,135.61861403554153,20.0,33.6,34.0,3925.0,645.9331234733205,9.5367431640625e-07,3925.0,57135,6,645.9331234733205,0.03686809539794922,0.03686809539794922,5,31856.0,0.009217023849487305,0.03131508827209473,0.009217023849487305,0.03131508827209473
583.0,66.0,66.0,583.0,174.2,65.10407515141732,20.0,36.8,34.0,871.0,204.4704379610901,3.814697265625e-06,871.0,443,6,204.4704379610901,0.07680010795593262,0.07680010795593262,4,65535.0,0.019200026988983154,0.03988814353942871,0.019200026988983154,0.03988814353942871
1366.0,146.0,146.0,1366.0,871.4,245.0860134629768,20.0,32.0,114.0,4357.0,439.880256433498,0.00020503997802734375,4357.0,443,6,439.880256433498,0.0204010009765625,0.0204010009765625,5,131072.0,0.005100250244140625,0.019618988037109375,0.005100250244140625,0.019618988037109375
369.0,66.0,66.0,369.0,205.8,255.429399656529,20.0,32.0,34.0,1029.0,134.68689617034022,0.0,1029.0,57135,6,134.68689617034022,0.019574880599975586,0.019574880599975586,5,32256.0,0.0048937201499938965,0.019572973251342773,0.0048937201499938965,0.019572973251342773
97.0,66.0,66.0,97.0,78.4,23.572802307426862,20.0,32.0,34.0,392.0,15.186836405255704,0.00018405914306640625,392.0,443,6,15.186836405255704,0.21210885047912598,0.21210885047912598,5,131072.0,0.053027212619781494,0.1840980052947998,0.053027212619781494,0.1840980052947998
1318.0,66.0,66.0,1318.0,601.6,0.4718600222160887,20.0,32.0,34.0,3008.0,490.69485426280966,9.5367431640625e-07,3008.0,57134,6,490.69485426280966,10.596362829208374,10.596362829208374,5,73728.0,2.6490907073020935,10.065099000930786,2.6490907073020935,10.065099000930786
1514.0,66.0,66.0,1514.0,449.2,0.3651506913123139,20.0,32.0,34.0,2246.0,556.4269583692004,2.9802322387695312e-05,2246.0,443,6,556.4269583692004,13.692976951599121,13.692976951599121,5,2036.0,3.4232442378997803,13.666457891464233,3.4232442378997803,13.666457891464233
1514.0,66.0,66.0,1514.0,658.2,228.47779666187301,20.0,32.0,34.0,3291.0,698.8706318053435,9.5367431640625e-07,3291.0,52713,6,698.8706318053435,0.02188396453857422,0.02188396453857422,5,487.0,0.005470991134643555,0.018571853637695312,0.005470991134643555,0.018571853637695312
228.0,66.0,66.0,228.0,105.4,4.435860561204622,20.0,32.0,34.0,527.0,62.78088881180323,0.00015687942504882812,527.0,443,6,62.78088881180323,1.1271770000457764,1.1271770000457764,5,1997.0,0.2817942500114441,1.0530519485473633,0.2817942500114441,1.0530519485473633
893.0,66.0,66.0,893.0,295.8,4.028759066932491,20.0,32.0,34.0,1479.0,323.5962916969229,0.05585503578186035,1479.0,52713,6,323.5962916969229,1.241076946258545,1.241076946258545,5,501.0,0.31026923656463623,1.012934923171997,0.31026923656463623,1.012934923171997
1514.0,66.0,66.0,1514.0,593.2,60.57001582735475,20.0,32.0,34.0,2966.0,641.5488757686354,9.5367431640625e-07,2966.0,52713,6,641.5488757686354,0.0825490951538086,0.0825490951538086,5,501.0,0.02063727378845215,0.04174995422363281,0.02063727378845215,0.04174995422363281
1514.0,66.0,66.0,1514.0,475.0,31.10398538203812,20.0,32.0,34.0,2375.0,542.9821359860746,3.218650817871094e-05,2375.0,443,6,542.9821359860746,0.1607511043548584,0.1607511043548584,5,2048.0,0.0401877760887146,0.07821893692016602,0.0401877760887146,0.07821893692016602
108.0,66.0,66.0,108.0,91.2,0.12519146802408557,20.0,32.0,34.0,456.0,20.575713839378697,0.0001399517059326172,456.0,443,6,20.575713839378697,39.93882393836975,39.93882393836975,5,6912.0,9.984705984592438,20.02309489250183,9.984705984592438,20.02309489250183
485.0,66.0,66.0,485.0,210.4,0.055526351688142725,20.0,32.0,34.0,1052.0,180.6173856526553,0.0,1052.0,52731,6,180.6173856526553,90.04733514785767,90.04733514785767,5,64128.0,22.511833786964417,45.02341103553772,22.511833786964417,45.02341103553772
841.0,66.0,66.0,841.0,229.6,0.3338290741693269,20.0,32.0,34.0,1148.0,306.15329493572335,9.5367431640625e-07,1148.0,52713,6,306.15329493572335,14.97772479057312,14.97772479057312,5,501.0,3.74443119764328,14.897008895874023,3.74443119764328,14.897008895874023
238.0,66.0,66.0,238.0,141.2,0.33318904131857924,20.0,32.0,34.0,706.0,77.53038114184658,0.00019788742065429688,706.0,443,6,77.53038114184658,15.006495952606201,15.006495952606201,5,2048.0,3.7516239881515503,14.877063035964966,3.7516239881515503,14.877063035964966
1514.0,66.0,66.0,1514.0,597.4,77.06519382494203,20.0,32.0,34.0,2987.0,637.855344102407,9.5367431640625e-07,2987.0,52713,6,637.855344102407,0.0648801326751709,0.0648801326751709,5,501.0,0.016220033168792725,0.02517104148864746,0.016220033168792725,0.02517104148864746
1514.0,66.0,66.0,1514.0,449.0,107.36511219532174,20.0,32.0,34.0,2245.0,556.9754034066495,3.790855407714844e-05,2245.0,443,6,556.9754034066495,0.0465700626373291,0.0465700626373291,5,2029.0,0.011642515659332275,0.03524303436279297,0.011642515659332275,0.03524303436279297
151.0,54.0,54.0,151.0,95.4,0.08346379293650671,20.0,29.6,34.0,477.0,34.038801389003105,0.00027298927307128906,477.0,443,6,34.038801389003105,59.90621590614319,59.90621590614319,5,2033.0,14.976553976535797,45.12194895744324,14.976553976535797,45.12194895744324
1494.0,1494.0,1494.0,1494.0,1494.0,998643.8095238095,20.0,32.0,1462.0,7470.0,0.0,9.5367431640625e-07,7470.0,443,6,0.0,5.0067901611328125e-06,5.0067901611328125e-06,5,2048.0,1.2516975402832031e-06,1.9073486328125e-06,1.2516975402832031e-06,1.9073486328125e-06
976.0,66.0,66.0,976.0,254.2,0.08344524876420854,20.0,32.0,34.0,1271.0,361.0996538353367,9.5367431640625e-07,1271.0,52716,6,361.0996538353367,59.91952896118164,59.91952896118164,5,274.0,14.97988224029541,45.07988786697388,14.97988224029541,45.07988786697388
105.0,66.0,66.0,105.0,73.8,2621440.0,20.0,32.0,34.0,369.0,15.6,0.0,369.0,52716,6,15.6,1.9073486328125e-06,1.9073486328125e-06,5,274.0,4.76837158203125e-07,9.5367431640625e-07,4.76837158203125e-07,9.5367431640625e-07
1494.0,66.0,66.0,1494.0,700.2,96.40216601851597,20.0,32.0,34.0,3501.0,658.2620754684262,9.5367431640625e-07,3501.0,443,6,658.2620754684262,0.05186605453491211,0.05186605453491211,5,2048.0,0.012966513633728027,0.03585696220397949,0.012966513633728027,0.03585696220397949
846.0,66.0,66.0,846.0,228.2,45.84459873034749,20.0,32.0,34.0,1141.0,309.13323988209356,0.0,1141.0,52716,6,309.13323988209356,0.10906410217285156,0.10906410217285156,5,307.0,0.02726602554321289,0.07320713996887207,0.02726602554321289,0.07320713996887207
1494.0,66.0,66.0,1494.0,466.2,157.00536040487526,20.0,34.4,34.0,2331.0,557.3596325533451,1.5020370483398438e-05,2331.0,443,6,557.3596325533451,0.031846046447753906,0.031846046447753906,4,65535.0,0.007961511611938477,0.0166778564453125,0.007961511611938477,0.0166778564453125
300.0,66.0,66.0,300.0,114.4,145.63757829969862,20.0,33.6,34.0,572.0,92.85170973116219,0.0,572.0,52732,6,92.85170973116219,0.0343317985534668,0.0343317985534668,5,65535.0,0.0085829496383667,0.0170748233795166,0.0085829496383667,0.0170748233795166
1168.0,66.0,66.0,1168.0,323.8,292.6000027904511,20.0,32.0,34.0,1619.0,423.23062271059734,0.0001571178436279297,1619.0,443,6,423.23062271059734,0.01708817481994629,0.01708817481994629,5,131136.0,0.004272043704986572,0.016485929489135742,0.004272043704986572,0.016485929489135742
434.0,66.0,66.0,434.0,189.6,341.1112556929083,20.0,32.0,34.0,948.0,138.65150558143966,0.0,948.0,52732,6,138.65150558143966,0.014657974243164062,0.014657974243164062,5,74240.0,0.0036644935607910156,0.014656782150268555,0.0036644935607910156,0.014656782150268555
105.0,66.0,66.0,105.0,73.8,0.03340903108581406,20.0,32.0,34.0,369.0,15.6,14.103266954421997,369.0,52720,6,15.6,149.66013193130493,149.66013193130493,5,145.0,37.41503298282623,45.36303400993347,37.41503298282623,45.36303400993347
66.0,54.0,54.0,66.0,56.4,0.03340446412809334,20.0,22.4,34.0,282.0,4.8,14.11792802810669,282.0,443,6,4.8,149.68059301376343,149.68059301376343,5,2048.0,37.42014825344086,45.36276888847351,37.42014825344086,45.36276888847351
699.0,66.0,66.0,699.0,199.6,0.16530822894537667,20.0,32.0,34.0,998.0,250.06767084131448,1.1920928955078125e-06,998.0,57135,6,250.06767084131448,30.246528148651123,30.246528148651123,5,32256.0,7.561632037162781,30.062299013137817,7.561632037162781,30.062299013137817
105.0,66.0,66.0,105.0,81.0,1461.9393516904845,20.0,34.4,34.0,405.0,14.939879517586478,0.0002148151397705078,405.0,443,6,14.939879517586478,0.003420114517211914,0.003420114517211914,5,131072.0,0.0008550286293029785,0.0021071434020996094,0.0008550286293029785,0.0021071434020996094
108.0,66.0,66.0,108.0,99.6,0.24917166525394474,20.0,32.0,34.0,498.0,16.8,7.414817810058594e-05,498.0,443,6,16.8,20.066487073898315,20.066487073898315,5,6912.0,5.016621768474579,20.064011812210083,5.016621768474579,20.064011812210083
114.0,66.0,66.0,114.0,85.2,0.1247112344344662,20.0,32.0,34.0,426.0,23.51510153071851,0.024292945861816406,426.0,52547,6,23.51510153071851,40.09261894226074,40.09261894226074,5,16385.0,10.023154735565186,20.041708946228027,10.023154735565186,20.041708946228027
129.0,66.0,66.0,129.0,91.2,157.11828343672272,20.0,32.0,34.0,456.0,24.044957891416654,9.5367431640625e-07,456.0,57135,6,24.044957891416654,0.031823158264160156,0.031823158264160156,5,32256.0,0.007955789566040039,0.029787063598632812,0.007955789566040039,0.029787063598632812
1514.0,66.0,66.0,1514.0,436.0,0.33479910540244534,20.0,32.0,34.0,2180.0,544.0202202124476,5.793571472167969e-05,2180.0,443,6,544.0202202124476,14.93432903289795,14.93432903289795,5,2048.0,3.7335822582244873,14.885076999664307,3.7335822582244873,14.885076999664307
1514.0,66.0,66.0,1514.0,513.8,0.3349278384234842,20.0,32.0,34.0,2569.0,576.3861205823748,9.5367431640625e-07,2569.0,52713,6,576.3861205823748,14.9285888671875,14.9285888671875,5,501.0,3.732147216796875,14.90846586227417,3.732147216796875,14.90846586227417
493.0,66.0,66.0,493.0,158.4,149.4368555690944,20.0,32.0,34.0,792.0,167.8482648108106,0.0012621879577636719,792.0,443,6,167.8482648108106,0.03345894813537598,0.03345894813537598,5,2048.0,0.008364737033843994,0.020120859146118164,0.008364737033843994,0.020120859146118164
1236.0,66.0,66.0,1236.0,532.6,84.62536720792846,20.0,32.0,34.0,2663.0,561.0289119109639,9.5367431640625e-07,2663.0,52713,6,561.0289119109639,0.05908393859863281,0.05908393859863281,5,501.0,0.014770984649658203,0.053019046783447266,0.014770984649658203,0.053019046783447266
1514.0,66.0,66.0,1514.0,652.4,230.5956347242839,20.0,32.0,34.0,3262.0,703.5423512483097,9.5367431640625e-07,3262.0,52713,6,703.5423512483097,0.0216829776763916,0.0216829776763916,5,501.0,0.0054207444190979,0.01939988136291504,0.0054207444190979,0.01939988136291504
1514.0,66.0,66.0,1514.0,425.0,37.193569898270454,20.0,32.0,34.0,2125.0,550.0050908855299,0.001672983169555664,2125.0,443,6,550.0050908855299,0.1344318389892578,0.1344318389892578,5,2048.0,0.03360795974731445,0.09733986854553223,0.03360795974731445,0.09733986854553223
500.0,66.0,66.0,500.0,223.2,2.3732744082691246,20.0,32.0,34.0,1116.0,159.31779561618342,0.002343893051147461,1116.0,443,6,159.31779561618342,2.1067938804626465,2.1067938804626465,5,2048.0,0.5266984701156616,2.06990385055542,0.5266984701156616,2.06990385055542
1514.0,66.0,66.0,1514.0,1031.4,2.2098208193868483,20.0,32.0,34.0,5157.0,537.5606384399811,0.0026361942291259766,5157.0,52713,6,537.5606384399811,2.262626886367798,2.262626886367798,5,501.0,0.5656567215919495,2.128347873687744,0.5656567215919495,2.128347873687744
54.0,54.0,54.0,54.0,54.0,0.027667310819729875,20.0,20.0,34.0,270.0,0.0,45.015071868896484,270.0,5228,6,0.0,180.7186839580536,180.7186839580536,5,2048.0,45.1796709895134,45.46339702606201,45.1796709895134,45.46339702606201
66.0,66.0,66.0,66.0,66.0,0.0276673766675733,20.0,32.0,34.0,330.0,0.0,45.021353006362915,330.0,51101,6,0.0,180.7182538509369,180.7182538509369,5,1043.0,45.17956346273422,45.456610918045044,45.17956346273422,45.456610918045044
1514.0,66.0,66.0,1514.0,455.0,142.31680668847298,20.0,34.4,34.0,2275.0,561.331987330136,8.392333984375e-05,2275.0,50809,6,561.331987330136,0.03513288497924805,0.03513288497924805,5,65535.0,0.008783221244812012,0.026655912399291992,0.008783221244812012,0.026655912399291992
107.0,66.0,66.0,107.0,76.6,119.83794193109675,20.0,34.4,34.0,383.0,15.894653189044423,9.5367431640625e-07,383.0,7000,6,15.894653189044423,0.041723012924194336,0.041723012924194336,4,65535.0,0.010430753231048584,0.033045053482055664,0.010430753231048584,0.033045053482055664
54.0,54.0,54.0,54.0,54.0,0.02773519085812903,20.0,20.0,34.0,270.0,0.0,45.01557016372681,270.0,443,6,0.0,180.27638697624207,180.27638697624207,5,2048.0,45.069096744060516,45.217225790023804,45.069096744060516,45.217225790023804
66.0,66.0,66.0,66.0,66.0,0.027734429653579733,20.0,32.0,34.0,330.0,0.0,45.01571798324585,330.0,52719,6,0.0,180.28133487701416,180.28133487701416,5,10.0,45.07033371925354,45.2212278842926,45.07033371925354,45.2212278842926
54.0,54.0,54.0,54.0,54.0,0.027747959043069752,20.0,20.0,34.0,270.0,0.0,45.0388240814209,270.0,443,6,0.0,180.19343304634094,180.19343304634094,5,2048.0,45.048358261585236,45.06721305847168,45.048358261585236,45.06721305847168
66.0,66.0,66.0,66.0,66.0,0.027747575313226944,20.0,32.0,34.0,330.0,0.0,45.04217195510864,330.0,52690,6,0.0,180.1959249973297,180.1959249973297,5,428.0,45.04898124933243,45.063374042510986,45.04898124933243,45.063374042510986
54.0,54.0,54.0,54.0,54.0,0.02775346143920488,20.0,20.0,34.0,270.0,0.0,45.017130851745605,270.0,443,6,0.0,180.1577079296112,180.1577079296112,5,2048.0,45.0394269824028,45.0930540561676,45.0394269824028,45.0930540561676
66.0,66.0,66.0,66.0,66.0,0.027754038200435677,20.0,32.0,34.0,330.0,0.0,45.020803928375244,330.0,52715,6,0.0,180.15396404266357,180.15396404266357,5,501.0,45.038491010665894,45.08646011352539,45.038491010665894,45.08646011352539
1514.0,66.0,66.0,1514.0,448.8,0.3924419768779542,20.0,32.0,34.0,2244.0,556.3946081694178,4.506111145019531e-05,2244.0,443,6,556.3946081694178,12.740736961364746,12.740736961364746,5,2024.0,3.1851842403411865,12.74042797088623,3.1851842403411865,12.74042797088623
1462.0,66.0,66.0,1462.0,590.8,0.3910072756574706,20.0,32.0,34.0,2954.0,620.726477605072,0.00021696090698242188,2954.0,52713,6,620.726477605072,12.787485837936401,12.787485837936401,5,501.0,3.1968714594841003,12.767850875854492,3.1968714594841003,12.767850875854492
236.0,66.0,66.0,236.0,107.0,30.154630132889313,20.0,32.0,34.0,535.0,65.90902821313632,0.0011131763458251953,535.0,443,6,65.90902821313632,0.16581201553344727,0.16581201553344727,5,2047.0,0.041453003883361816,0.09007692337036133,0.041453003883361816,0.09007692337036133
1514.0,66.0,66.0,1514.0,357.6,34.6825298385403,20.0,32.0,34.0,1788.0,578.212971144716,0.0,1788.0,52713,6,578.212971144716,0.1441648006439209,0.1441648006439209,5,501.0,0.036041200160980225,0.05090785026550293,0.036041200160980225,0.05090785026550293
54.0,54.0,54.0,54.0,54.0,0.027637104925596335,20.0,20.0,34.0,270.0,0.0,45.08669400215149,270.0,443,6,0.0,180.91619992256165,180.91619992256165,5,2048.0,45.22904998064041,45.362770080566406,45.22904998064041,45.362770080566406
66.0,66.0,66.0,66.0,66.0,0.02763709501901216,20.0,32.0,34.0,330.0,0.0,45.08674597740173,330.0,52710,6,0.0,180.91626477241516,180.91626477241516,5,501.0,45.22906619310379,45.36303377151489,45.22906619310379,45.36303377151489
1514.0,66.0,66.0,1514.0,646.8,119.46588889395251,20.0,33.6,34.0,3234.0,708.071860759909,0.0,3234.0,52733,6,708.071860759909,0.04185295104980469,0.04185295104980469,5,26847.0,0.010463237762451172,0.04185199737548828,0.010463237762451172,0.04185199737548828
1514.0,66.0,66.0,1514.0,450.8,62.729633041792795,20.0,34.4,34.0,2254.0,560.6761632172354,1.6927719116210938e-05,2254.0,443,6,560.6761632172354,0.07970714569091797,0.07970714569091797,4,65535.0,0.019926786422729492,0.04146313667297363,0.019926786422729492,0.04146313667297363
873.0,66.0,66.0,873.0,345.6,8531.944670463792,20.0,32.0,34.0,1728.0,289.8279489628286,2.09808349609375e-05,1728.0,443,6,289.8279489628286,0.0005860328674316406,0.0005860328674316406,5,129664.0,0.00014650821685791016,0.0003409385681152344,0.00014650821685791016,0.0003409385681152344
1467.0,66.0,66.0,1467.0,387.0,124.16162931825582,20.0,32.0,34.0,1935.0,545.7493930367674,0.0,1935.0,52733,6,545.7493930367674,0.040270090103149414,0.040270090103149414,5,47872.0,0.010067522525787354,0.04026913642883301,0.010067522525787354,0.04026913642883301
1494.0,54.0,54.0,1494.0,418.2,74.27332870560569,20.0,24.8,34.0,2091.0,554.6921308257402,4.9114227294921875e-05,2091.0,443,6,554.6921308257402,0.06731891632080078,0.06731891632080078,4,65535.0,0.016829729080200195,0.034375905990600586,0.016829729080200195,0.034375905990600586
1514.0,56.0,56.0,1514.0,932.8,135.0987882575001,20.0,22.4,34.0,4664.0,711.8287434488719,1.9073486328125e-06,4664.0,52734,6,711.8287434488719,0.03700995445251465,0.03700995445251465,5,65535.0,0.009252488613128662,0.03554892539978027,0.009252488613128662,0.03554892539978027
212.0,54.0,54.0,212.0,105.4,1013.8025717876825,20.0,20.0,34.0,527.0,65.65851049178622,9.417533874511719e-05,527.0,443,6,65.65851049178622,0.004931926727294922,0.004931926727294922,5,262144.0,0.0012329816818237305,0.003351926803588867,0.0012329816818237305,0.003351926803588867
1514.0,56.0,56.0,1514.0,402.4,137.6382024979162,20.0,20.0,36.0,2012.0,558.1492990231197,9.5367431640625e-07,2012.0,52734,6,558.1492990231197,0.03632712364196777,0.03632712364196777,5,525568.0,0.009081780910491943,0.03632402420043945,0.009081780910491943,0.03632402420043945
442.0,54.0,54.0,442.0,228.0,144.10939701082287,20.0,20.0,34.0,1140.0,141.11555548556652,0.0001239776611328125,1140.0,443,6,141.11555548556652,0.03469586372375488,0.03469586372375488,5,262144.0,0.00867396593093872,0.03171801567077637,0.00867396593093872,0.03171801567077637
1514.0,56.0,56.0,1514.0,586.2,140.96415992256607,20.0,20.0,36.0,2931.0,526.769930804711,1.9073486328125e-06,2931.0,52734,6,526.769930804711,0.035470008850097656,0.035470008850097656,5,524800.0,0.008867502212524414,0.03305411338806152,0.008867502212524414,0.03305411338806152
1514.0,66.0,66.0,1514.0,483.2,0.33651607612696754,20.0,32.0,34.0,2416.0,536.6300028883961,2.09808349609375e-05,2416.0,443,6,536.6300028883961,14.858131170272827,14.858131170272827,5,2048.0,3.714532792568207,14.824321031570435,3.714532792568207,14.824321031570435
1228.0,66.0,66.0,1228.0,456.6,0.3351277856536776,20.0,32.0,34.0,2283.0,480.5054005939996,0.0029158592224121094,2283.0,52713,6,480.5054005939996,14.919682025909424,14.919682025909424,5,501.0,3.729920506477356,14.839421033859253,3.729920506477356,14.839421033859253
236.0,66.0,66.0,236.0,107.0,33.31557267018385,20.0,32.0,34.0,535.0,65.90902821313632,0.001444101333618164,535.0,443,6,65.90902821313632,0.15007996559143066,0.15007996559143066,5,2047.0,0.037519991397857666,0.09678483009338379,0.037519991397857666,0.09678483009338379
108.0,66.0,66.0,108.0,91.2,0.25038079119418827,20.0,32.0,34.0,456.0,20.575713839378697,0.0002658367156982422,456.0,443,6,20.575713839378697,19.96958303451538,19.96958303451538,5,6912.0,4.992395758628845,19.966315984725952,4.992395758628845,19.966315984725952
54.0,54.0,54.0,54.0,54.0,0.027636947404465016,20.0,20.0,34.0,270.0,0.0,45.06065917015076,270.0,443,6,0.0,180.91723108291626,180.91723108291626,5,2048.0,45.229307770729065,45.47872591018677,45.229307770729065,45.47872591018677
66.0,66.0,66.0,66.0,66.0,0.02763786600558836,20.0,32.0,34.0,330.0,0.0,45.0545539855957,330.0,52717,6,0.0,180.91121792793274,180.91121792793274,5,10.0,45.227804481983185,45.47568202018738,45.227804481983185,45.47568202018738
1514.0,66.0,66.0,1514.0,646.8,118.75085645041648,20.0,33.6,34.0,3234.0,708.071860759909,9.5367431640625e-07,3234.0,52735,6,708.071860759909,0.04210495948791504,0.04210495948791504,5,26847.0,0.01052623987197876,0.04062008857727051,0.01052623987197876,0.04062008857727051
1514.0,66.0,66.0,1514.0,454.0,62.42434164506133,20.0,34.4,34.0,2270.0,561.1645035103343,4.506111145019531e-05,2270.0,443,6,561.1645035103343,0.08009696006774902,0.08009696006774902,4,65535.0,0.020024240016937256,0.04109597206115723,0.020024240016937256,0.04109597206115723
1514.0,66.0,66.0,1514.0,631.4,994.853889943074,20.0,32.0,34.0,3157.0,609.2144450027429,4.00543212890625e-05,3157.0,443,6,609.2144450027429,0.0050258636474609375,0.0050258636474609375,5,129664.0,0.0012564659118652344,0.004483938217163086,0.0012564659118652344,0.004483938217163086
1432.0,66.0,66.0,1432.0,393.8,109.11073650912572,20.0,32.0,34.0,1969.0,524.4175435661931,9.5367431640625e-07,1969.0,52735,6,524.4175435661931,0.04582500457763672,0.04582500457763672,5,32768.0,0.01145625114440918,0.04296302795410156,0.01145625114440918,0.04296302795410156
548.0,66.0,66.0,548.0,170.0,122.24656224679542,20.0,32.0,34.0,850.0,189.57214985329463,7.200241088867188e-05,850.0,443,6,189.57214985329463,0.04090094566345215,0.04090094566345215,5,131072.0,0.010225236415863037,0.03795599937438965,0.010225236415863037,0.03795599937438965
252.0,66.0,66.0,252.0,118.4,64.92147763823063,20.0,32.0,34.0,592.0,68.92778830051056,0.0,592.0,52735,6,68.92778830051056,0.07701611518859863,0.07701611518859863,5,35584.0,0.019254028797149658,0.07701396942138672,0.019254028797149658,0.07701396942138672
115.0,56.0,56.0,115.0,76.6,130.97949573113988,20.0,27.2,34.0,383.0,22.87006777427649,9.5367431640625e-07,383.0,52690,6,22.87006777427649,0.03817391395568848,0.03817391395568848,3,428.0,0.00954347848892212,0.03817105293273926,0.00954347848892212,0.03817105293273926
1514.0,66.0,66.0,1514.0,483.2,0.3365491966685938,20.0,32.0,34.0,2416.0,536.6300028883961,7.796287536621094e-05,2416.0,443,6,536.6300028883961,14.856668949127197,14.856668949127197,5,2048.0,3.7141672372817993,14.82196593284607,3.7141672372817993,14.82196593284607
1514.0,66.0,66.0,1514.0,508.0,0.33424737067831506,20.0,32.0,34.0,2540.0,580.6010678598516,9.5367431640625e-07,2540.0,52713,6,580.6010678598516,14.958980798721313,14.958980798721313,5,501.0,3.7397451996803284,14.842691898345947,3.7397451996803284,14.842691898345947
1514.0,66.0,66.0,1514.0,595.8,30.966659726621277,20.0,32.0,34.0,2979.0,639.5355814964481,0.01811504364013672,2979.0,52713,6,639.5355814964481,0.16146397590637207,0.16146397590637207,5,501.0,0.04036599397659302,0.06196999549865723,0.04036599397659302,0.06196999549865723
236.0,66.0,66.0,236.0,107.0,30.972010538876876,20.0,32.0,34.0,535.0,65.90902821313632,0.00044608116149902344,535.0,443,6,65.90902821313632,0.1614360809326172,0.1614360809326172,5,2047.0,0.0403590202331543,0.1027379035949707,0.0403590202331543,0.1027379035949707
1494.0,66.0,66.0,1494.0,466.2,138.08680994521703,20.0,34.4,34.0,2331.0,557.3596325533451,1.4066696166992188e-05,2331.0,443,6,557.3596325533451,0.0362091064453125,0.0362091064453125,4,65535.0,0.009052276611328125,0.018497943878173828,0.009052276611328125,0.018497943878173828
300.0,66.0,66.0,300.0,114.4,127.98515797118255,20.0,33.6,34.0,572.0,92.85170973116219,0.0,572.0,52736,6,92.85170973116219,0.03906702995300293,0.03906702995300293,5,65535.0,0.009766757488250732,0.01918792724609375,0.009766757488250732,0.01918792724609375
568.0,66.0,66.0,568.0,197.6,263.75620983260177,20.0,32.0,34.0,988.0,188.66435805419104,4.1961669921875e-05,988.0,443,6,188.66435805419104,0.018956899642944336,0.018956899642944336,5,131136.0,0.004739224910736084,0.018639087677001953,0.004739224910736084,0.018639087677001953
114.0,66.0,66.0,114.0,94.8,0.12487838042919726,20.0,32.0,34.0,474.0,23.51510153071851,0.023947954177856445,474.0,52547,6,23.51510153071851,40.03895616531372,40.03895616531372,5,16384.0,10.00973904132843,20.04690408706665,10.00973904132843,20.04690408706665
1514.0,66.0,66.0,1514.0,483.2,0.3368953241531058,20.0,32.0,34.0,2416.0,536.6300028883961,5.1021575927734375e-05,2416.0,443,6,536.6300028883961,14.841405153274536,14.841405153274536,5,2048.0,3.710351288318634,14.806826829910278,3.710351288318634,14.806826829910278
1237.0,66.0,66.0,1237.0,465.0,0.3346176432833967,20.0,32.0,34.0,2325.0,485.279713155207,0.008141040802001953,2325.0,52713,6,485.279713155207,14.94242787361145,14.94242787361145,5,501.0,3.7356069684028625,14.831789016723633,3.7356069684028625,14.831789016723633
1514.0,66.0,66.0,1514.0,374.4,46.9568060043035,20.0,32.0,34.0,1872.0,570.3422130615968,9.5367431640625e-07,1872.0,52713,6,570.3422130615968,0.10648083686828613,0.10648083686828613,5,501.0,0.026620209217071533,0.05497407913208008,0.026620209217071533,0.05497407913208008
236.0,66.0,66.0,236.0,107.0,27.907254029424916,20.0,32.0,34.0,535.0,65.90902821313632,0.0012869834899902344,535.0,443,6,65.90902821313632,0.17916488647460938,0.17916488647460938,5,2047.0,0.044791221618652344,0.09393906593322754,0.044791221618652344,0.09393906593322754
1514.0,66.0,66.0,1514.0,897.2,263.2529530647854,20.0,33.6,34.0,4486.0,679.1919905299238,1.9073486328125e-06,4486.0,57136,6,679.1919905299238,0.018993139266967773,0.018993139266967773,5,65535.0,0.004748284816741943,0.01747608184814453,0.004748284816741943,0.01747608184814453
583.0,66.0,66.0,583.0,171.8,141.77130302518168,20.0,34.4,34.0,859.0,205.65252247419676,3.814697265625e-06,859.0,853,6,205.65252247419676,0.03526806831359863,0.03526806831359863,4,65535.0,0.008817017078399658,0.017155170440673828,0.008817017078399658,0.017155170440673828
976.0,66.0,66.0,976.0,444.8,138.9624623132227,20.0,32.0,34.0,2224.0,344.90021745426606,2.1457672119140625e-06,2224.0,57136,6,344.90021745426606,0.035980939865112305,0.035980939865112305,5,73728.0,0.008995234966278076,0.018782854080200195,0.008995234966278076,0.018782854080200195
370.0,66.0,66.0,370.0,170.0,54.439523811996075,20.0,32.0,34.0,850.0,114.48668044798923,0.0012500286102294922,850.0,853,6,114.48668044798923,0.09184503555297852,0.09184503555297852,5,131072.0,0.02296125888824463,0.05590701103210449,0.02296125888824463,0.05590701103210449
583.0,66.0,66.0,583.0,252.8,46.09013848016861,20.0,34.4,34.0,1264.0,226.70985862992373,9.5367431640625e-07,1264.0,443,6,226.70985862992373,0.10848307609558105,0.10848307609558105,4,65535.0,0.027120769023895264,0.05695700645446777,0.027120769023895264,0.05695700645446777
1514.0,74.0,74.0,1514.0,789.4,42.57234439484459,20.0,33.6,34.0,3947.0,626.694694408689,9.5367431640625e-07,3947.0,57137,6,626.694694408689,0.1174471378326416,0.1174471378326416,5,65535.0,0.0293617844581604,0.05663108825683594,0.0293617844581604,0.05663108825683594
1494.0,66.0,66.0,1494.0,478.8,216.3551392227461,20.0,34.4,34.0,2394.0,546.8610061066706,0.002248048782348633,2394.0,443,6,546.8610061066706,0.023110151290893555,0.023110151290893555,5,131264.0,0.005777537822723389,0.009879112243652344,0.005777537822723389,0.009879112243652344
1514.0,66.0,66.0,1514.0,678.2,75.15165414827132,20.0,32.0,34.0,3391.0,683.2154564996316,9.5367431640625e-07,3391.0,57137,6,683.2154564996316,0.06653213500976562,0.06653213500976562,5,4193792.0,0.016633033752441406,0.0665290355682373,0.016633033752441406,0.0665290355682373
1494.0,66.0,66.0,1494.0,1060.0,101.81634575237652,20.0,32.0,34.0,5300.0,574.1024298851207,0.0,5300.0,443,6,574.1024298851207,0.049108028411865234,0.049108028411865234,5,131072.0,0.012277007102966309,0.04903101921081543,0.012277007102966309,0.04903101921081543
108.0,66.0,66.0,108.0,91.2,0.1249321493944146,20.0,32.0,34.0,456.0,20.575713839378697,0.00010800361633300781,456.0,443,6,20.575713839378697,40.021723985672,40.021723985672,5,6912.0,10.005430996418,20.06926703453064,10.005430996418,20.06926703453064
1514.0,66.0,66.0,1514.0,483.2,0.3367892168840352,20.0,32.0,34.0,2416.0,536.6300028883961,4.1961669921875e-05,2416.0,443,6,536.6300028883961,14.846081018447876,14.846081018447876,5,2048.0,3.711520254611969,14.780757904052734,3.711520254611969,14.780757904052734
823.0,66.0,66.0,823.0,217.4,0.3366437067792528,20.0,32.0,34.0,1087.0,302.80000000000007,9.5367431640625e-07,1087.0,52713,6,302.80000000000007,14.852498054504395,14.852498054504395,5,501.0,3.7131245136260986,14.801050901412964,3.7131245136260986,14.801050901412964
238.0,66.0,66.0,238.0,141.4,21.215026069222535,20.0,32.0,34.0,707.0,79.09892540357296,0.0013511180877685547,707.0,443,6,79.09892540357296,0.23568201065063477,0.23568201065063477,5,2047.0,0.05892050266265869,0.13969206809997559,0.05892050266265869,0.13969206809997559
1252.0,66.0,66.0,1252.0,311.0,19.998645874159752,20.0,32.0,34.0,1555.0,470.74239239737057,0.01972794532775879,1555.0,52713,6,470.74239239737057,0.2500169277191162,0.2500169277191162,5,501.0,0.06250423192977905,0.09572505950927734,0.06250423192977905,0.09572505950927734
1514.0,66.0,66.0,1514.0,646.8,123.59744454136118,20.0,33.6,34.0,3234.0,708.071860759909,0.0,3234.0,52737,6,708.071860759909,0.04045391082763672,0.04045391082763672,5,26847.0,0.01011347770690918,0.03865981101989746,0.01011347770690918,0.03865981101989746
1514.0,66.0,66.0,1514.0,442.6,64.03439347305682,20.0,34.4,34.0,2213.0,559.7569472547884,1.5020370483398438e-05,2213.0,443,6,559.7569472547884,0.07808303833007812,0.07808303833007812,4,65535.0,0.01952075958251953,0.04000401496887207,0.01952075958251953,0.04000401496887207
1514.0,66.0,66.0,1514.0,492.6,2352.913721530349,20.0,32.0,34.0,2463.0,533.6746574459012,1.0967254638671875e-05,2463.0,443,6,533.6746574459012,0.0021250247955322266,0.0021250247955322266,5,131072.0,0.0005312561988830566,0.0017590522766113281,0.0005312561988830566,0.0017590522766113281
1514.0,1514.0,1514.0,1514.0,1514.0,806596.9230769231,20.0,32.0,1482.0,7570.0,0.0,9.5367431640625e-07,7570.0,443,6,0.0,6.198883056640625e-06,6.198883056640625e-06,5,131072.0,1.5497207641601562e-06,2.1457672119140625e-06,1.5497207641601562e-06,2.1457672119140625e-06
1451.0,66.0,66.0,1451.0,399.4,118.06892203061575,20.0,32.0,34.0,1997.0,531.0644405342915,0.0,1997.0,52737,6,531.0644405342915,0.04234814643859863,0.04234814643859863,5,47872.0,0.010587036609649658,0.04234600067138672,0.010587036609649658,0.04234600067138672
1514.0,66.0,66.0,1514.0,1014.6,124.83790701827489,20.0,32.0,34.0,5073.0,624.5163248466769,9.5367431640625e-07,5073.0,443,6,624.5163248466769,0.040051937103271484,0.040051937103271484,5,131072.0,0.010012984275817871,0.04003405570983887,0.010012984275817871,0.04003405570983887
450.0,66.0,66.0,450.0,142.8,359.9457631773167,20.0,32.0,34.0,714.0,153.6,0.0,714.0,52737,6,153.6,0.013890981674194336,0.013890981674194336,5,101376.0,0.003472745418548584,0.01389002799987793,0.003472745418548584,0.01389002799987793
1514.0,104.0,104.0,1514.0,1096.8,1613193.8461538462,20.0,32.0,72.0,5484.0,561.2124018586902,0.0,5484.0,52737,6,561.2124018586902,3.0994415283203125e-06,3.0994415283203125e-06,5,108800.0,7.748603820800781e-07,1.1920928955078125e-06,7.748603820800781e-07,1.1920928955078125e-06
439.0,66.0,66.0,439.0,165.4,0.08331555110263497,20.0,32.0,34.0,827.0,139.94799033926856,0.010200977325439453,827.0,52733,6,139.94799033926856,60.0128059387207,60.0128059387207,5,50688.0,15.003201484680176,45.10893487930298,15.003201484680176,45.10893487930298
104.0,54.0,54.0,104.0,71.2,0.08331546901580456,20.0,29.6,34.0,356.0,17.045820602130014,0.0002200603485107422,356.0,443,6,17.045820602130014,60.01286506652832,60.01286506652832,5,130752.0,15.00321626663208,45.14897084236145,15.00321626663208,45.14897084236145
108.0,54.0,54.0,108.0,64.8,0.027687699999180256,20.0,22.4,34.0,324.0,21.599999999999998,45.031363010406494,324.0,443,6,21.599999999999998,180.58560299873352,180.58560299873352,5,131072.0,45.14640074968338,45.47786998748779,45.14640074968338,45.47786998748779
104.0,66.0,66.0,104.0,73.6,0.4964175547604508,20.0,32.0,34.0,368.0,15.200000000000001,0.00010585784912109375,368.0,443,6,15.200000000000001,10.072165966033936,10.072165966033936,5,130752.0,2.518041491508484,10.058258056640625,2.518041491508484,10.058258056640625
112.0,66.0,66.0,112.0,81.4,0.4989798303272711,20.0,32.0,34.0,407.0,19.44839324982915,0.0,407.0,52737,6,19.44839324982915,10.020445108413696,10.020445108413696,5,108800.0,2.505111277103424,9.990084886550903,2.505111277103424,9.990084886550903
1514.0,66.0,66.0,1514.0,454.0,0.3491860525251648,20.0,32.0,34.0,2270.0,556.9046597039749,4.1961669921875e-05,2270.0,443,6,556.9046597039749,14.319014072418213,14.319014072418213,5,2024.0,3.5797535181045532,14.316958904266357,3.5797535181045532,14.316958904266357
1514.0,66.0,66.0,1514.0,524.4,0.34884339681906157,20.0,32.0,34.0,2622.0,574.3171945884957,0.0,2622.0,52713,6,574.3171945884957,14.333079099655151,14.333079099655151,5,501.0,3.583269774913788,14.331092119216919,3.583269774913788,14.331092119216919
1514.0,66.0,66.0,1514.0,368.6,134.87982609031212,20.0,32.0,34.0,1843.0,572.8991534292925,9.5367431640625e-07,1843.0,52713,6,572.8991534292925,0.03707003593444824,0.03707003593444824,5,501.0,0.00926750898361206,0.03368711471557617,0.00926750898361206,0.03368711471557617
243.0,66.0,66.0,243.0,141.8,21.274964823274363,20.0,32.0,34.0,709.0,79.64270211387858,0.0015141963958740234,709.0,443,6,79.64270211387858,0.23501801490783691,0.23501801490783691,5,2047.0,0.05875450372695923,0.1024789810180664,0.05875450372695923,0.1024789810180664
1514.0,66.0,66.0,1514.0,594.2,16.23303279500644,20.0,32.0,34.0,2971.0,651.9166817930034,0.055917978286743164,2971.0,52713,6,651.9166817930034,0.308013916015625,0.308013916015625,5,501.0,0.07700347900390625,0.09757518768310547,0.07700347900390625,0.09757518768310547
1440.0,66.0,66.0,1440.0,581.8,41.97981431734199,20.0,32.0,34.0,2909.0,624.234699452057,0.0,2909.0,52713,6,624.234699452057,0.11910486221313477,0.11910486221313477,5,501.0,0.02977621555328369,0.08510994911193848,0.02977621555328369,0.08510994911193848
1514.0,66.0,66.0,1514.0,441.0,34.13272223316314,20.0,32.0,34.0,2205.0,561.410366844076,5.602836608886719e-05,2205.0,443,6,561.410366844076,0.14648699760437012,0.14648699760437012,5,2003.0,0.03662174940109253,0.07140803337097168,0.03662174940109253,0.07140803337097168
432.0,66.0,66.0,432.0,189.2,0.11101214025363594,20.0,32.0,34.0,946.0,137.94694632357758,0.0,946.0,52736,6,137.94694632357758,45.040118932724,45.040118932724,5,71680.0,11.260029733181,45.02453899383545,11.260029733181,45.02453899383545
1514.0,66.0,66.0,1514.0,594.4,14.779604637231756,20.0,32.0,34.0,2972.0,632.0270880270876,9.5367431640625e-07,2972.0,52713,6,632.0270880270876,0.3383040428161621,0.3383040428161621,5,501.0,0.08457601070404053,0.32206106185913086,0.08457601070404053,0.32206106185913086
108.0,66.0,66.0,108.0,99.6,0.25020381722028173,20.0,32.0,34.0,498.0,16.8,0.00010991096496582031,498.0,443,6,16.8,19.983707904815674,19.983707904815674,5,6912.0,4.9959269762039185,19.981794118881226,4.9959269762039185,19.981794118881226
114.0,66.0,66.0,114.0,85.2,0.12519883725276493,20.0,32.0,34.0,426.0,23.51510153071851,0.02410411834716797,426.0,52547,6,23.51510153071851,39.93647313117981,39.93647313117981,5,16383.0,9.984118282794952,19.959455966949463,9.984118282794952,19.959455966949463
1514.0,66.0,66.0,1514.0,424.0,3.3078122907629135,20.0,32.0,34.0,2120.0,550.3395315621076,0.00018215179443359375,2120.0,443,6,550.3395315621076,1.511573076248169,1.511573076248169,5,2048.0,0.37789326906204224,1.4695498943328857,0.37789326906204224,1.4695498943328857
1514.0,66.0,66.0,1514.0,785.6,3.296181029424732,20.0,32.0,34.0,3928.0,625.4833650865545,0.0,3928.0,52713,6,625.4833650865545,1.516906976699829,1.516906976699829,5,501.0,0.3792267441749573,1.4939489364624023,0.3792267441749573,1.4939489364624023
112.0,66.0,66.0,112.0,81.4,0.3342578657631318,20.0,32.0,34.0,407.0,19.44839324982915,9.5367431640625e-07,407.0,52735,6,19.44839324982915,14.958511114120483,14.958511114120483,5,39424.0,3.739627778530121,14.933024168014526,3.739627778530121,14.933024168014526
66.0,54.0,54.0,66.0,63.6,0.3332943379144448,20.0,29.6,34.0,318.0,4.8,7.200241088867188e-05,318.0,443,6,4.8,15.001754999160767,15.001754999160767,5,131072.0,3.7504387497901917,14.97628903388977,3.7504387497901917,14.97628903388977
155.0,54.0,54.0,155.0,93.8,0.04168523781348346,20.0,27.2,34.0,469.0,37.65846518380695,4.1961669921875e-05,469.0,443,6,37.65846518380695,119.9465389251709,119.9465389251709,5,2048.0,29.986634731292725,45.071253061294556,29.986634731292725,45.071253061294556
105.0,66.0,66.0,105.0,73.8,0.06677824671687307,20.0,32.0,34.0,369.0,15.6,0.0,369.0,52716,6,15.6,74.87468218803406,74.87468218803406,5,318.0,18.718670547008514,45.0216851234436,18.718670547008514,45.0216851234436
513.0,66.0,66.0,513.0,196.2,0.3771932367841393,20.0,32.0,34.0,981.0,169.58466911840824,5.888938903808594e-05,981.0,443,6,169.58466911840824,13.255805015563965,13.255805015563965,5,2048.0,3.313951253890991,13.189553022384644,3.313951253890991,13.189553022384644
1514.0,66.0,66.0,1514.0,483.4,14.864015105337616,20.0,32.0,34.0,2417.0,537.4144024865727,2.7894973754882812e-05,2417.0,443,6,537.4144024865727,0.3363828659057617,0.3363828659057617,5,2029.0,0.08409571647644043,0.32518696784973145,0.08409571647644043,0.32518696784973145
1227.0,66.0,66.0,1227.0,306.0,13.750436841418534,20.0,32.0,34.0,1530.0,460.747653276715,9.5367431640625e-07,1530.0,52713,6,460.747653276715,0.36362481117248535,0.36362481117248535,5,501.0,0.09090620279312134,0.2849769592285156,0.09090620279312134,0.2849769592285156
1514.0,66.0,66.0,1514.0,507.8,132.18066533045922,20.0,32.0,34.0,2539.0,580.7499978476109,9.5367431640625e-07,2539.0,52713,6,580.7499978476109,0.0378270149230957,0.0378270149230957,5,495.0,0.009456753730773926,0.033061981201171875,0.009456753730773926,0.033061981201171875
231.0,66.0,66.0,231.0,106.8,0.3402470624667312,20.0,32.0,34.0,534.0,63.91056250730391,6.794929504394531e-05,534.0,443,6,63.91056250730391,14.695204019546509,14.695204019546509,5,2025.0,3.673801004886627,14.664742946624756,3.673801004886627,14.664742946624756
1514.0,66.0,66.0,1514.0,483.4,12.104955110437444,20.0,32.0,34.0,2417.0,537.4144024865727,1.1920928955078125e-05,2417.0,443,6,537.4144024865727,0.4130539894104004,0.4130539894104004,5,2029.0,0.1032634973526001,0.41140198707580566,0.1032634973526001,0.41140198707580566
1229.0,66.0,66.0,1229.0,306.4,11.154339984320167,20.0,32.0,34.0,1532.0,461.5472240193846,1.1920928955078125e-06,1532.0,52713,6,461.5472240193846,0.4482560157775879,0.4482560157775879,5,501.0,0.11206400394439697,0.36934900283813477,0.11206400394439697,0.36934900283813477
1514.0,66.0,66.0,1514.0,366.8,172.01755321330435,20.0,32.0,34.0,1834.0,573.7380586992639,0.0,1834.0,52713,6,573.7380586992639,0.029066801071166992,0.029066801071166992,5,495.0,0.007266700267791748,0.029063940048217773,0.007266700267791748,0.029063940048217773
66.0,66.0,66.0,66.0,66.0,0.02775673618047173,20.0,32.0,34.0,330.0,0.0,45.02923393249512,330.0,52728,6,0.0,180.1364529132843,180.1364529132843,5,4194560.0,45.034113228321075,45.04480791091919,45.034113228321075,45.04480791091919
108.0,66.0,66.0,108.0,91.2,0.25036942034523263,20.0,32.0,34.0,456.0,20.575713839378697,0.00018215179443359375,456.0,443,6,20.575713839378697,19.970489978790283,19.970489978790283,5,6912.0,4.992622494697571,19.96699595451355,4.992622494697571,19.96699595451355
236.0,66.0,66.0,236.0,140.8,0.3320387820420919,20.0,32.0,34.0,704.0,77.03349920651405,6.580352783203125e-05,704.0,443,6,77.03349920651405,15.058481931686401,15.058481931686401,5,2024.0,3.7646204829216003,15.041789054870605,3.7646204829216003,15.041789054870605
1229.0,66.0,66.0,1229.0,456.8,0.3315274380803167,20.0,32.0,34.0,2284.0,480.8265383690879,1.1920928955078125e-06,2284.0,52713,6,480.8265383690879,15.081707954406738,15.081707954406738,5,501.0,3.7704269886016846,15.068658828735352,3.7704269886016846,15.068658828735352
1514.0,66.0,66.0,1514.0,449.4,246.23419319235873,20.0,32.0,34.0,2247.0,557.0111668539511,4.1961669921875e-05,2247.0,443,6,557.0111668539511,0.020305871963500977,0.020305871963500977,5,2048.0,0.005076467990875244,0.01301717758178711,0.005076467990875244,0.01301717758178711
